id,index,createdAt,assignee_id,title,content,status_id,label_id
1,3140,2023-07-30,1,Task 1,Description of task 1,3
2,3161,2023-07-30,1,Task 2,Description of task 2,2,1;2
3,3182,2023-07-31,2,Task 3,Description of task 3,4,1
4,3203,2023-08-01,2,Task 4,Description of task 4,5,2
11,3220,2023-07-30,1,Task 11,Description of task 11,1,1;2;3
5,3224,2023-08-02,1,Task 5,Description of task 5,1,
12,3230,2023-07-30,2,Task 12,Description of task 12,2,2;3;4
13,3240,2023-07-30,2,Task 13,Description of task 13,3,3;4;5
6,3245,2023-08-03,3,Task 6,Description of task 6,1,1;2
14,3250,2023-07-30,2,Task 14,Description of task 14,4,4;5
15,3260,2023-07-30,1,Task 15,Description of task 15,5,5
7,3266,2023-08-04,3,Task 7,Description of task 7,2,1
8,3287,2023-08-05,4,Task 8,Description of task 8,3,2
9,3308,2023-08-06,4,Task 9,Description of task 9,4,
10,3329,2023-08-07,5,Task 10,Description of task 10,5,1;2
16,,,9,tileName717,contentName875,1,5